Наименование,Изображение,Цена,Остаток,Упаковка,Описание,Заказ
"10,3 - Перчатки 10 класс (3 нити) с ПВХ (С)",,11,1210,"Количество: 500 пар
Вес: 15.6 кг
Объем: 0.091 м","Вес(грамм): 28-29, Плотность(текс): 82, Длина(см): 21,5-22,5
 ",
"10,3 - Перчатки 10 класс (3 нити) серые с ПВХ (С)",,"10,2",500,"Количество: 500 пар
Вес: 15.6 кг
Объем: 0.091 м",,
"10,4 - Перчатки 10 класс (4 нити) графит с ПВХ (С)",,"10,4",100,"Количество: 500 пар
Вес: 18.4 кг
Объем: 0.115 м","Вес(грамм): 38-39
Плотность(текс):116
Длина(см): 22,5-23,5",
"10,4 - Перчатки 10 класс (4 нити) с ПВХ (С)",,"11,9",21183,"Количество: 500 пар
Вес: 18.4 кг
Объем: 0.115 м","Вес(грамм): 38-39
Плотность(текс):116
Длина(см): 22,5-23,5",
"10,4 - Перчатки 10 класс (4 нити) с ПВХ эконом (С)",,"9,8",1753,"Количество: 500 пар
Вес: 13 кг
Объем: 0.08 м","Вес(грамм): 24-25Плотность(текс): 66Длина(см): 21,5-22,5",
"10,4 - Перчатки 10 класс (4 нити) серые с ПВХ (С)",,"11,4",34768,"Количество: 500 пар
Вес: 18.4 кг
Объем: 0.115 м",,
"10,4 - Перчатки 10 класс (4 нити) ХБ (С)",,"10,4",13541,"Количество: 500 пар
Вес: 17.4 кг
Объем: 0.115 м","Вес(грамм): 32-33
Плотность(текс):116
Длина(см): 22,5-23,5",
"10,4 - Перчатки 10 класс (4 нити) ХБ стандарт (С)",,9,1,"Количество: 500 пар
Вес: 17 кг
Объем: 0.115 м",,
"10,4 - Перчатки 10 класс (4 нити) ХБ эконом (С)",,"7,9",3498,"Количество: 500 пар
Вес: 17 кг
Объем: 0.115 м","Вес(грамм): 17-18
Плотность(текс): 66
Длина(см): 21,5-22,5",
"10,4 - Перчатки 10 класс (4 нити) черные с ПВХ (С)",,"11,7",21180,"Количество: 500 пар
Вес: 18.4 кг
Объем: 0.115 м","Вес(грамм): 38-39
Плотность(текс):116
Длина(см): 22,5-23,5",
"10,4 - Перчатки 10 класс (4 нити) черные ХБ",,"10,2",1840,"Количество: 500 пар
Вес: 31 кг
Объем: 0.115 м",,
"10,5 - Перчатки 10 класс (5 нитей) графит с ПВХ (С)",,"12,5",74,"Количество: 300 пар
Вес: 15 кг
Объем: 0.087 м","Вес(грамм): 44-45
Плотность(текс):132
Длина(см): 22,5-23,5",
"10,5 - Перчатки 10 класс (5 нитей) с ПВХ (С)",,"13,7",68469,"Количество: 300 пар
Вес: 15 кг
Объем: 0.087 м","Вес(грамм): 45-46
Плотность(текс):132
Длина(см): 22,5-23,5",
"10,5 - Перчатки 10 класс (5 нитей) с ПВХ волна (С)",,14,3629,"Количество: 300 пар
Вес: 16 кг
Объем: 0.087 м","Вес(грамм): 46-47
Плотность(текс):132
Длина(см): 22,5-23,5",
"10,5 - Перчатки 10 класс (5 нитей) серые с ПВХ (С)",,"12,4",41993,"Количество: 300 пар
Вес: 15 кг
Объем: 0.087 м",,
"10,5 - Перчатки 10 класс (5 нитей) ХБ (С)",,"12,3",6803,"Количество: 300 пар
Вес: 13 кг
Объем: 0.087 м","Вес(грамм): 39-40
Плотность(текс):132
Длина(см): 22,5-23,5",
"10,5 - Перчатки 10 класс (5 нитей) ХБ серые (С)",,"10,3",1200,"Количество: 300 пар
Вес: 13 кг
Объем: 0.09 м",,
"10,5 - Перчатки 10 класс (5 нитей) черные с ПВХ (С)",,"12,9",27017,"Количество: 300 пар
Вес: 15 кг
Объем: 0.087 м","Вес(грамм): 44-45
Плотность(текс):132
Длина(см): 22,5-23,5",
"10,6 - Перчатки 10 класс (6 нитей) графит с ПВХ (С)",,"12,7",6,"Количество: 300 пар
Вес: 16 кг
Объем: 0.091 м","Вес(грамм): 49-50
Плотность(текс):148
Длина(см): 22,5-23,5",
"10,6 - Перчатки 10 класс (6 нитей) с ПВХ (С)",,"15,1",32652,"Количество: 300 пар
Вес: 16 кг
Объем: 0.091 м","Вес(грамм): 49-50
Плотность(текс):148
Длина(см): 22,5-23,5",
"10,6 - Перчатки 10 класс (6 нитей) с ПВХ Люкс (С)",,"18,1",17749,"Количество: 300 пар
Вес: 19.15 кг
Объем: 0.103 м","Вес(грамм): 61-62
Плотность(текс):182
Длина(см): 22,5-23,5",
"10,6 - Перчатки 10 класс (6 нитей) серые с ПВХ Люкс",,"16,7",4061,"Количество: 300 пар
Вес: 17 кг
Объем: 0.091 м",,
"10,6 - Перчатки 10 класс (6 нитей) ХБ (С)",,"13,7",4729,"Количество: 300 пар
Вес: 13.7 кг
Объем: 0.091 м","Вес(грамм): 43-44
Плотность(текс):148
Длина(см): 22,5-23,5 ",
"10,6 - Перчатки 10 класс (6 нитей) черные с ПВХ (С)",,"14,4",4269,"Количество: 300 пар
Вес: 16 кг
Объем: 0.091 м","Вес(грамм): 51-52
Плотность(текс):148
Длина(см): 22,5-23,5",
"10,6 - Перчатки 10 класс (6 нитей) черные с ПВХ люкс (С)",,"16,9",1231,"Количество: 300 пар
Вес: 19.15 кг
Объем: 0.103 м","Вес(грамм): 61-62
Плотность(текс):182
Длина(см): 22,5-23,5",
"7,5,4 - Перчатки 7,5 класс (4 нити) с ПВХ (С)",,"15,4",299,"Количество: 300 пар
Вес: 14.2 кг
Объем: 0.096 м","Вес(грамм): 40-41
Плотность(текс): 166
Длина(см): 22,5-23,5",
"7,5,5 - Перчатки 7,5 класс (5 нитей) с ПВХ (С)",,"17,1",3706,"Количество: 300 пар
Вес: 16.8 кг
Объем: 0.098 м","Вес(грамм): 53-54
Плотность(текс): 216
Длина(см): 22,5-23,5",
"7,5,5 - Перчатки 7,5 класс (5 нитей) ХБ (С)",,"15,1",400,"Количество: 300 пар
Вес: 14 кг
Объем: 0.092 м","Вес(грамм): 47-48
Плотность(текс):216
Длина(см): 22,5-23,5",
"7,5,5 - Перчатки 7,5 класс (5 нитей) черные с ПВХ (С)",,"15,9",3475,"Количество: 300 пар
Вес: 16.8 кг
Объем: 0.098 м","Вес(грамм): 53-54
Плотность(текс): 216
Длина(см): 22,5-23,5",
"7,5,6 - Перчатки 7,5 класс (6 нитей) с ПВХ (С)",,"19,2",11403,"Количество: 300 пар
Вес: 21 кг
Объем: 0.125 м","Вес(грамм): 64-65
Плотность(текс): 266
Длина(см): 22,5-23,5",
"7,5,6 - Перчатки 7,5 класс (6 нитей) ХБ (С)",,"17,2",1700,"Количество: 300 пар
Вес: 20.5 кг
Объем: 0.12 м","Вес(грамм): 58-59
Плотность(текс): 266
Длина(см): 22,5-23,5 ",
"7,5,6 - Перчатки 7,5 класс (6 нитей) черные с ПВХ (С)",,"18,7",2958,"Количество: 300 пар
Вес: 21 кг
Объем: 0.125 м","Вес(грамм): 65-66
Плотность(текс): 266
Длина(см): 22,5-23,5",
"7,5,7 - Перчатки 7,5 класс (7 нитей) черные с ПВХ (С)",,"21,9",97,"Количество: 300 пар
Вес: 24.94 кг
Объем: 0.14 м","Вес(грамм): 77-78
Плотность(текс): 316
Длина(см): 22,5-23,5",
Перчатки трикотажные с 1-ым латексным обливом (Желтые) ИУ (300 пар),,"20,4",300,"Количество: 300 пар
Вес: 14.9 кг
Объем: 0.1 м",,
Перчатки трикотажные с 1-ым латексным обливом (Желтые) уп.300 пар (С),,19,6105,"Количество: 300 пар
Вес: 12.7 кг
Объем: 0.1 м","Основа: ХБ перчатка 13 или 10 класса 
Покрытие: латекс (один слой)
Предназначены для работ со скользкими и гладкими поверхностями .
Спектр применения таких перчаток чрезвычайно широк: на любом производстве, на складе, в быту, для ремонта и строительства, для погрузо-разгрузочных работ.",
Перчатки трикотажные с 2-ым латексным обливом (Зеленые) арт.ЛТ-37 ИУ (300 пар),,"20,4",2550,"Количество: 300 пар
Вес: 14.2 кг
Объем: 0.1 м",,
Перчатки трикотажные с 2-ым латексным обливом (Зеленые) арт.ЛТ-37 уп.300 пар,,19,45401,"Количество: 300 пар
Вес: 14.15 кг
Объем: 0.1 м",,
Перчатки трикотажные с 2-ым латексным обливом (Зеленые) уп.300 пар (С),,"20,9",6725,"Количество: 300 пар
Вес: 14.9 кг
Объем: 0.1 м","Основа: ХБ перчатка 1
Покрытие: латекс (два слоя)
Предназначены для работ со скользкими и гладкими поверхностями.
Спектр применения таких перчаток чрезвычайно широк: на любом производстве, на складе, в быту, для ремонта и строительства, для погрузо-разгрузочных работ.",
Перчатки трикотажные с 2-ым латексным обливом (Красные) ИУ (300 пар),,"22,3",19,"Количество: 300 пар
Вес: 14.9 кг
Объем: 0.1 м",,
Перчатки трикотажные с 2-ым латексным обливом (Красные) ИУ (уп.300 пар) арт.ЛТ-37,,"20,4",854,"Количество: 300 пар
Вес: 14.2 кг
Объем: 0.1 м",,
Перчатки трикотажные с 2-ым латексным обливом (Красные) уп.300 пар арт.ЛТ-37,,19,5611,"Количество: 300 пар
Вес: 14.9 кг
Объем: 0.1 м",,
"Перчатки Нейлоновые с Полиуретановым покрытием (цв.черный, р-р 10)",,"39,8",120,"Количество: 1 пар
Вес: 0.04 кг
Объем: 0.0003 м",,
Перчатки спилковые комбинированные (уп. 240),,"184,8",172,"Количество: 240 пар
Вес: 31 кг
Объем: 0.106 м",,
"7,5,7 - Перчатки 7,5 класс (7 нитей) П/Ш с ПВХ (С)",,"35,4",2380,"Количество: 300 пар
Вес: 25.539 кг
Объем: 0.13 м",,
Перчатки 10 класс П/Ш с ПВХ (уп.300 пар),,"29,6",1565,"Количество: 300 пар
Вес: 21.9 кг
Объем: 0.087 м",,
Перчатки 10 класс П/Ш ХБ (уп.300 пар),,28,600,"Количество: 300 пар
Вес: 19.26 кг
Объем: 0.087 м",,
Перчатки КЩС К80Щ50 тип 2 (8р),,59,308,"Количество: 1 пар
Вес: 0.062 кг
Объем: 0.0003 м","Предназначены для зашиты рук при работе с растворами кислоти щелочей до 20% 
Толщина 0,4 мм",
Перчатки латексные особопрочные High Risk  (SFM) (25 пар) L,,"614,4",33,"Количество: 10 пар
Вес: 7.35 кг
Объем: 0.025 м","Нестерильное изделие, изготовленное из натурального каучукового латекса (NRL), предназначенное для создания защитного барьера, надевающееся на руки медицинскими работниками во время обследования/лечения пациента или для других санитарных целей; его внутренняя поверхность не покрыта порошком талька. Используется, главным образом, как двухсторонний барьер защиты как пациента, так и персонала от различной контаминации.
Это изделие одноразового использования. Толщина текстурированных участков для обеспечения устойчивости к механическим повреждениям и высокого уровня защиты от воздействия химически агрессивных сред. Содержание протеинов по методу Лоури не более 30 мкг/г.
Приемлемый уровень качества (AQL) не более 1,5 (указано на упаковке) для обеспечения герметичности продукции.
Перчатки должны обладать устойчивостью к вирусной пенетрации согласно ASTM F-1671 (наличие протоколов испытаний) и к цитостатикам согласно ASTM-D 6978 (наличие протоколов испытаний).
Соответствие ГОСТ 12.4.278-2014 (EN374:2003) «Перчатки,Защищающие от химикатов и микроорганизмов», в том числе: маркировка, согласно п.6 и п.8 ГОСТ 12.4.278-2014 (EN374:2003), наличие на упаковке перечня химических веществ, по которым были произведены испытания и классов, которые были получены в результате испытаний на проницаемость. Проницаемость к этанолу - Более 60 мин, к хлоргексидину - более 120 мин, к 37% формальдегиду - более 10 мин (указано на упаковке).
Медицинское изделие: класс потенциального риска применения не ниже Iia.",
Перчатки латексные особопрочные High Risk  (SFM) (25 пар) М,,"620,6",21,"Количество: 10 пар
Вес: 7.35 кг
Объем: 0.025 м","Нестерильное изделие, изготовленное из натурального каучукового латекса (NRL), предназначенное для создания защитного барьера, надевающееся на руки медицинскими работниками во время обследования/лечения пациента или для других санитарных целей; его внутренняя поверхность не покрыта порошком талька. Используется, главным образом, как двухсторонний барьер защиты как пациента, так и персонала от различной контаминации.
Это изделие одноразового использования. Толщина текстурированных участков для обеспечения устойчивости к механическим повреждениям и высокого уровня защиты от воздействия химически агрессивных сред. Содержание протеинов по методу Лоури не более 30 мкг/г.
Приемлемый уровень качества (AQL) не более 1,5 (указано на упаковке) для обеспечения герметичности продукции.
Перчатки должны обладать устойчивостью к вирусной пенетрации согласно ASTM F-1671 (наличие протоколов испытаний) и к цитостатикам согласно ASTM-D 6978 (наличие протоколов испытаний).
Соответствие ГОСТ 12.4.278-2014 (EN374:2003) «Перчатки,Защищающие от химикатов и микроорганизмов», в том числе: маркировка, согласно п.6 и п.8 ГОСТ 12.4.278-2014 (EN374:2003), наличие на упаковке перечня химических веществ, по которым были произведены испытания и классов, которые были получены в результате испытаний на проницаемость. Проницаемость к этанолу - Более 60 мин, к хлоргексидину - более 120 мин, к 37% формальдегиду - более 10 мин (указано на упаковке).
Медицинское изделие: класс потенциального риска применения не ниже Iia.",
Перчатки латексные особопрочные Manual HR 419 (25 пар) M,,"875,5",17,"Количество: 10 пар
Вес: 8.92 кг
Объем: 0.027 м",,
Перчатки хозяйственные латексные жёлтые разм. XL,,"19,5",1689,"Количество: 12 пар
Вес: 0.43 кг
Объем: 0.00125 м","Состав — 100% латекс
Перчатки гипоаллергенны.",
"Протирочный материал белый,лист 35*35см.(упак.2рул.,1000отр.,втул,2-сл, с тисн.,перф.,40гр/м2,350м+-",,2667,2,"Количество: 1 шт
Вес: 9.86 кг
Объем: 0.085 м","Рулонные полотенца для рук имеют широкий спектр применения. В пищевой 
промышленности бумажные
полотенца используются для удаления различных жидкостей с рабочих 
поверхностей, а так же для сушки
Продуктов. Имеют широкий спектр применения – от кухни, где происходит 
рождение кулинарных шедевров,
до гостевых туалетных комнат. В любом случае, гигиена и комфорт стоят на 
первом месте. Важно, чтобы
Полотенца были мягкими и хорошо впитывали.
Характеристика товара: 350 метров, 1000 листов , 2 слоя по 20 гр. , 
Размер листа 35 х 35 см.
100% целлюлоза, влагопрочная, белая.",
"Нитепрошивное полотно (Неткол) пл.110 + -10,ш.78+-2",,"32,5",200,"Количество: 100 шт
Вес: 8.2 кг
Объем: 0.065 м","Нитепрошивное полотно плотно. (Неткол) пл.110 + -10,ш.78+-2
Неткол — это хлопковая техническая ткань. Неткол производиться нетканым методом, 
нитепрошивным способом. Прочный и отлично влаговпитывающий уборочный и обтирочный  материал,
Легко отживается и не оставляет на протираемой поверхности волокон. 
100% хлопок
Ширина = 78см. Длина = 100 метров",
Салфетка техническая вафельная отбеленная (бесшовная) 40х40,,"6,9",270,"Количество: 800 шт
Вес: 17.6 кг
Объем: 0.053 м",,
"Холстопрошивное полотно (белое) пл.160(+,-10гр) ш.0,75м, рул.(50м)",,"33,3",50,"Количество: 50 шт
Вес: 5.685 кг
Объем: 0.092 м","Белое холстопрошивное полотно производят из хлопчатобумажного 
Сырья с минимальным количеством синтетики.
Ширина =  75см
Длина = 50 метров
Холстопрошивное полотно представляет собой нетканый массив волокон, скреплённый через небольшие
 промежутки швами. Имеет высокую площадь поверхности, благодаря своей рыхлой структуре, оно
 гигроскопично и хорошо тепло-изолирует. Хорошо впитывает влагу и пыль, быстро сохнет и легко 
Отжимается. Материал предназначен для хозяйственных и строительных целей. Холстопрошивное 
полотно применяется в качестве материала для уборки, мытья полов, а также в качестве обтирочного 
средства в производственных цехах. Также холстопрошивное полотно используется как прокладочный
 материал при изготовлении мебели и как утеплитель одежды и обуви. 
Применяется для упаковки бьющихся предметов.",
"Холстопрошивное полотно (серое) пл.160(+,-10гр) ш.1,5м, рул.(50м)",,50,50,"Количество: 50 шт
Вес: 11 кг
Объем: 0.184 м","Серого  пролотно  изготавливается из отходов хлопчатобумажного производства – очесы, угары, путанка, с большим количеством синтетики
Ширина = 1,5 метра
Длина = 50 метров
Имеет высокую площадь поверхности, благодаря своей рыхлой структуре, оно
 гигроскопично и хорошо тепло-изолирует.
Материал предназначен для хозяйственных и строительных целей.",
"Холстопрошивное полотно (серое) пл.180(+,-10гр) ш. 1,5 м, рул.(50м)",,"55,9",700,"Количество: 50 шт
Вес: 13 кг
Объем: 0.24 м",,
"Холстопрошивное полотно (серое) пл.180(+,-10гр) ш.0,75м, рул.(50м)",,29,100,"Количество: 50 шт
Вес: 6.75 кг
Объем: 0.12 м",,
Изолента ПВХ желтая в полоску 19*20 м 150 мкрн.,,"72,2",60,"Количество: 60 шт
Вес: 6 кг
Объем: 0.008 м",,
Изолента ПВХ синяя 19*20 м 150 мкрн.,,"64,8",20,"Количество: 60 шт
Вес: 6 кг
Объем: 0.008 м",,
Изолента ПВХ черная 19*20 м 150 мкрн.,,"64,8",99,"Количество: 60 шт
Вес: 6 кг
Объем: 0.008 м",,
Клейкая лента (48ммх120мх40мкр),,"92,5",881,"Количество: 36 шт
Вес: 8.5 кг
Объем: 0.031 м","Ширина: 48мм
Длина: 120 м
Плотность: 40мкм (микрон)",
"Клейкая лента, малярная 48мм*50м*125мкрн.",,"133,3",2119,"Количество: 36 шт
Вес: 6.6 кг
Объем: 0.037 м","Ширина: 48мм
Длина: 50 м
Основная область применение малярной ленты - защита поверхностей при проведении штукатурных и малярных работ. Широко используется при покраске автомобилей. Активное применение креппа обусловлено его специфическим клеевым слоем. Клей обладает достаточно низкой прилипаемостью, и не оставляет следов после удаления ленты.
",
"Круги шлифовальные ЛидерТекс ( для зачистки ) 230х6х22,23 А 24 R BF 80 2 ( 5 шт)",,"94,1",20,"Количество: 5 шт
Вес: 2.8 кг
Объем: 0.0025 м","А - марка шлифовального материала (электрокорунд нормальный)
24 - зернистость шлифовального материала
R - степень твердости инструмента
BF - бакелитовая связка с упрочняющими элементами 	230 - наружний диаметр (мм)
6 - высота (толщина) круга (мм)
22,23 - диаметр посадочного отверстия (мм)
80 - предельная рабочая скорость (м/с), 	Кол-во шт. в коробке: 20
Вес коробки: 11,2кг
Размеры коробки: 235*465*65
Вес одного изделия: 0,166кг 	3 года 	Россия",
"Отрезной круг по металлу ЛидерТекс А24, 41, 230х1,6х22.23 А 40 S BF 80 2 мет+нерж.ех.(уп.10 шт)",,"41,4",50,"Количество: 10 шт
Вес: 1.58 кг
Объем: 0.000276 м",,
"Отрезной круг по металлу ЛидерТекс А24, 41, 230х2,5х22,23 А 30 S BF 80 2 мет+нерж.ех ex.(уп.10 шт)",,"44,8",130,"Количество: 10 шт
Вес: 2.14 кг
Объем: 0.000224 м",,
"Мешки для мусора 30 литров (45*55см, 8мкрн., рулон 30 шт.)",,"33,1",68,"Количество: 30 шт
Вес: 0.12 кг
Объем: 0.025 м","Пакеты для мусора изготовлены из ПНД (полиэтилен низкого давления). Подходят для уборки легких бытовых отходов, легкого пластика, упаковки.
Применение в домашнем использовании, в офисе, в производственных помещениях и государственных учреждениях (поликлиниках, школах, детских садах и пр.). 	Сырье: ПНД первый сорт
Объем 1 мешка 30 литров
Размер: 45см*55см ( +/- 1см )
Толщина: 8мкм (+/-3мкм )
Вес пакета: 0,3гр.
Цвет: черный 	Упаковка: рулон 30шт
Вес: 90гр (+/-1,7гр )
",
"Мешки для мусора 60 литров (57*68см, 10мкрн., рулон 50 шт.)",,"79,5",60,"Количество: 50 шт
Вес: 0.26 кг
Объем: 0.035 м","Пакеты для мусора должны быть изготовлены из ПНД (полиэтилен низкого давления). Подходят для уборки бытовых отходов, пластика, упаковки.
Применение в домашнем использовании, в офисе, в производственных помещениях и государственных учреждениях (поликлиниках, школах, детских садах и пр.). 	Сырье: ПНД первый сорт
Объем 1 мешка 60литров
Размер: 57см*68см ( +/- 1см )
Толщина: 10мкм (+/-3мкм )
Вес 1 мешка: 0,46гр (+/-гр )
Цвет: черный 	Упаковка: ролик 50шт
Вес рулона 225гр.",
"Мешки п/п, зеленые",,"8,1",20928,"Количество: 1000 шт
Вес: 36 кг
Объем: 0.11 м","Размеры 95*55 см, вес 45 гр
Материал: вторичный полипропилен
Назначение: Упаковка строительно и прочего мусора",
Мешки полипропиленовые Б/У,,"6,4",50,"Количество: 50 шт
Вес: 7.4 кг
Объем: 0.078 м",,
Мягкий контейнер Биг-Бэг. 95*95*130. 4 стропы.(уп. 25 шт),,463,4,"Количество: 1 шт
Вес: 1.6 кг
Объем: 0.01 м","Плотность 160. Верх открытый. Низ глухой. Упаковка 25 шт.
Биг-бэги изготовлены из рукавной полипропиленовой ткани. Также биг-бэги могут быть изготовлены из полипропиленовой ткани с нанесением слоя ламинации (как раз ламинация и есть полиэтилен), такие контейнеры крепче и не пропускают воду (ламинация заменяет вкладыш из полиэтилена), ну и вариант попроще это обычные биг-бэги которые вы уже брали, только в них вставляется полиэтиленовый вкладыш. Вкладыши бывают разной толщины, а также могут быть сделаны из первичного сырья - ""пищевые"" для пищевых продуктов или из вторичного сырья - для всего остального.",
Пленка ПВД рукав (1500*2) 200 мкм,,"7157,2",1,"Количество: 1 шт
Вес: 27 кг
Объем: 0.04 м",,
Пленка ПВД рукав (1500*2) 80 мкм,,"2877,9",1,"Количество: 1 шт
Вес: 11 кг
Объем: 0.022 м",,
Пленка ПВД рукав (1500*2)150 мкм,,"5730,7",1,"Количество: 1 шт
Вес: 22 кг
Объем: 0.034 м",,
Паста д /рук «Чистая звезда» 1200 мл  (банка),,"282,3",203,"Количество: 12 шт
Вес: 8.5 кг
Объем: 0.026 м",,
"Паста д/рук ""Чистая звезда"" 11л (ведро)",,"1788,6",58,"Количество: 1 шт
Вес: 7.28 кг
Объем: 0.018 м","Нейтральное средство для эффективной очистки и удаления масла, смазок, типографской краски, графита, плиточного клея, битума, сажи, антикоррозийных материалов, производственной пыли, грязи и других загрязнений с кожи руки.
Обладает антисептическим действием, не сушит кожу рук и не вызывает аллергических реакций.
Значительно экономичней мыла и других моющих средств.
Применяется на производстве, в автомастерских, быту и домашнем хозяйстве.
Производится по эксклюзивной рецептуре.",
"Паста д/рук ""Чистая звезда"" 200мл (туба)",,"103,1",120,"Количество: 30 шт
Вес: 5.135 кг
Объем: 0.012 м","Нейтральное средство для эффективной очистки и удаления масла, смазок, типографской краски, графита, плиточного клея, битума, сажи, антикоррозийных материалов, производственной пыли, грязи и других загрязнений с кожи руки.
Обладает антисептическим действием, не сушит кожу рук и не вызывает аллергических реакций.
Значительно экономичней мыла и других моющих средств.
Применяется на производстве, в автомастерских, быту и домашнем хозяйстве.
Производится по эксклюзивной рецептуре.",
"Воздушно-пузырчатая пленка 2 сл., пл.40(+/-5)гр.,10мм, ш.1,5м, (рул.100м. на втулке)",,"20,2",1700,"Количество: 100 шт
Вес: 5.25 кг
Объем: 0.7 м","2-х слойная пленка. 
Диаметр пузырька 10 мм. 
Марка плёнки 75
Длина 100м 
Ширина 1,5м",
"Комбинезон защитный одноразовый р.56-58, пл.30гр",,"97,4",35,"Количество: 1 шт
Вес: 0.0904 кг
Объем: 0.00126 м","Материал: Спанбонд 30 г/м2
Цвет: Белый
Защитные свойства: Защитный комбинезон ""Каспер"" является надежным средством для защиты одежды от попадания грязи и производственной пыли, защита от общих производственных загрязнений (З), пыли и распыляемой краски
Застежка ""молния"". Вшитая резинка на рукавах, брюках, на талии, на капюшоне.   ",
"Мешки для хранения колес (белые) 110*110см, 15мкрн. рулон на втулке 100шт.",,"978,3",11,"Количество: 1 шт
Вес: 3.1 кг
Объем: 0.007 м",Незаменимы при хранении и перевозке.Изготовлены из прочной полиэтиленовой пленки. Подходят для всех размеров и типов колес.,
"Накидка на автомобильное сиденье (1350*790мм, 10мкрн, рулон 500 шт.)",,2139,10,"Количество: 1 шт
Вес: 5.81 кг
Объем: 0.016 м",Полиэтиленовая накидка на сидения автомобиля,
Пакет упаковочный 60*80 см. 70мкрн,,"10,1",200,"Количество: 200 шт
Вес: 10 кг
Объем: 0.005 м",,
Пакет упаковочный 70*110 см. 80мкрн,,"20,3",700,"Количество: 1 шт
Вес: 0.1 кг
Объем: 0.00005 м",,
Поддон,,"803,2",102,"Количество: 1 шт
Вес: 17 кг
Объем: 0.18 м",,
Б-01 Рукавицы брезентовые пл.330гр.(арт.11135),,"37,2",403,"Количество: 200 пар
Вес: 19 кг
Объем: 0.08 м",Основа: брезент пл. 330 (арт.11135) Наладонник: брезент пл. 330 (арт.11135) Подналадонник: нет ,
Б-01 Рукавицы брезентовые пл.360гр.(арт.11235),,"37,8",35,"Количество: 200 пар
Вес: 19 кг
Объем: 0.08 м","Основа: брезент пл. 400 (арт.11235)
Наладонник: брезент пл. 400 (арт.11235)
Подналадонник: нет   ",
Б-02 Рукавицы брезентовые пл.330гр.(арт.11135) 2-ой налад. + п/н. пл.330гр.(арт.11135),,"44,9",147,"Количество: 200 пар
Вес: 22 кг
Объем: 0.08 м",Основа: брезент пл. 330 (арт.11135) Наладонник: брезент пл. 330 (арт.11135) Подналадонник: брезент пл. 330 (арт.11135),
Б-02 Рукавицы брезентовые пл.360гр.(арт.11235) 2-ой налад. + п/н. пл.360гр.(арт.11235),,"45,7",210,"Количество: 200 пар
Вес: 24 кг
Объем: 0.091 м","Основа: брезент пл. 400 (арт.11235)
Наладонник: брезент пл. 400 (арт.11235)
Подналадонник: брезент пл. 400  (арт.11235)",
Б-03 Рукавицы брезентовые пл.450гр.(арт.11255),,"45,5",198,"Количество: 200 пар
Вес: 20 кг
Объем: 0.095 м","Основа:   брезент пл. 460 (арт.11255)
Налодонник:   брезент пл. 460 (арт.11255)
Подналодонник: нет",
Б-04 Рукавицы брезентовые пл.450гр.(арт.11255) 2-ой налад. + п/н. пл.330гр.(арт.11135),,"54,8",94,"Количество: 200 пар
Вес: 25 кг
Объем: 0.092 м","Основа:   брезент пл. 460 (арт.11255)
Наладонник:  брезент пл. 460 (арт.11255)
Подналадонник: брезент пл. 460 (арт.11255)",
Б-06 Рукавицы брезентовые пл.480гр.(арт.11293) 2-ой налад. + п/н. пл.330гр.(арт.11135),,"57,1",80,"Количество: 200 пар
Вес: 25 кг
Объем: 0.128 м",Основа: брезент пл. 480 (арт.11293) Наладонник: брезент пл. 480 (арт.11293) Подналадонник: брезент пл. 400 (арт.11293) 	,
Б-08 Рукавицы брезентовые пл.520гр.(арт.11292) 2-ой налад. + п/н. пл.330гр.(арт.11135),,"59,3",1024,"Количество: 200 пар
Вес: 27.8 кг
Объем: 0.116 м",,
К-01 Краги брезентовые пл.360гр.(арт.11235),,"57,1",158,"Количество: 100 шт
Вес: 12.3 кг
Объем: 0.122 м",Основа: брезент пл. 400 (арт.11235),
К-02 Краги брезентовые пл.360гр.(арт.11235) 2-ой налад. + п/н пл.360гр.(арт.11235),,"65,8",79,"Количество: 100 шт
Вес: 14.25 кг
Объем: 0.094 м",Основа: брезент пл. 400 (арт.11235) Наладонник: брезент пл. 400 (арт.11235) Подналадонник: брезент пл. 400 (арт.11235) 	,
Н-01 Нарукавники брезентовые пл.360гр.(арт.11235),,"75,9",994,"Количество: 10 шт
Вес: 1.45 кг
Объем: 0.01 м",Длина 41см  ширина по нижней части 18см по верней части 21см,
Ф-01 Фартук брезентовый пл.360гр.(арт.11235) с карманом,,"111,4",536,"Количество: 100 шт
Вес: 22 кг
Объем: 0.01 м",Длина 86см  ширина 63,
У-02 Рукавицы 100% х/б пл.200-240гр. с брез.нал(арт.11135)+п/н бязь пл.105гр.+утепл.ВАТИН п/ш пл.208,,"53,9",70,"Количество: 100 пар
Вес: 13 кг
Объем: 0.12 м","Основа:   х/б диагональ пл.220
Наладонник: брезент пл. 400
Подналадонник: бязь 
Утеплитель: ватин",
БН-01 Рукавицы х/б аппрет. пл.200гр.(арт.104) с брез.нал (арт.11135) без п/н,,"30,1",1855,"Количество: 400 пар
Вес: 22 кг
Объем: 0.112 м","Основа:   х/б двунитка суровая пл.220
Наладонник: брезент пл.400 гр
Подналадонник: нет",
БН-02 Рукавицы х/б аппрет. пл.200гр.(арт.104) с брез.нал. (арт.11135) + п/н миткаль пл.62гр.,,"32,5",300,"Количество: 400 пар
Вес: 24 кг
Объем: 0.115 м","Основа:   х/б двунитка  суровая пл.220
Наладонник: брезент пл.400 гр
Подналадонник: миткаль",
БН-04 Рукавицы х/б аппрет. пл.200гр.(арт.104) с брез.нал. (арт.11135) + п/н миткаль пл.62гр.,,"33,1",90,"Количество: 400 пар
Вес: 25 кг
Объем: 0.115 м","Основа:   х/б двунитка апретированная пл.220
Наладонник: брезент пл.400 гр
Подналадонник: миткаль",
ХБ-01 Рукавицы х/б аппрет. пл.200гр.(арт.104) + п/н миткаль пл.62гр.,,"30,5",1860,"Количество: 400 пар
Вес: 22 кг
Объем: 0.102 м","Основа: х/б двунитка аппретированная пл.220
Наладонник:   х/б двунитка аппретированная пл.220 гр. 
Подналадонник: миткаль",
ХБ-02 Рукавицы х/б аппрет. пл.200гр.(арт.104) + п/н х/б пл.165гр.,,"31,7",1849,"Количество: 400 пар
Вес: 24 кг
Объем: 0.102 м","Основа: х/б двунитка суровая пл.210
Наладонник:   х/б двунитка суровая пл.200 гр. 
Подналадонник: х/б двунитка суровая пл. 210",
Вафельное полотно отб. пл.120 ш.80 (50м) (ВО80-5),,"47,4",200,"Количество: 300 шт
Вес: 19.2 кг
Объем: 0.07 м",,
Вафельное полотно отб. пл.120 ш.40 (60м) (ВО40-4),,23,60,"Количество: 360 шт
Вес: 14.7 кг
Объем: 0.07 м",,
Вафельное полотно отб. пл.150 ш.45 (60м) (В045-2Б),,"35,6",2880,"Количество: 360 шт
Вес: 22 кг
Объем: 0.12 м",,
Вафельное полотно отб. пл.150 ш.45 (60м) (ВО45-2),,"33,6",1980,"Количество: 360 шт
Вес: 21.6 кг
Объем: 0.102 м",,
Вафельное полотно отб. пл.200 ш.45 (60м) (ВО45-3),,45,660,"Количество: 240 шт
Вес: 21 кг
Объем: 0.3007 м",,
Вафельное полотно пл.150 ш.45 (60м) (ВО45-2 КОМБ),,"31,1",300,"Количество: 360 шт
Вес: 14.7 кг
Объем: 0.075 м",,
Ветошь белая (Бел) (арт. 01),,"211,3",440,"Количество: 10 шт
Вес: 10 кг
Объем: 0.04 м",,
Ветошь коттон цветной (Бел) (арт. 33),,"138,5",180,"Количество: 10 шт
Вес: 10 кг
Объем: 0.04 м",,
Ветошь постель цветная (Бел) (арт. 08),,"172,8",470,"Количество: 10 шт
Вес: 10 кг
Объем: 0.04 м",,
Ветошь трикотаж светлый (цветной) (Бел) (арт. 04),,"162,6",50,"Количество: 10 шт
Вес: 10 кг
Объем: 0.04 м",,
Ветошь трикотаж цветной (первый сорт) (Бел) (арт. 31),,"142,5",1170,"Количество: 10 шт
Вес: 10 кг
Объем: 0.04 м",,
Ветошь коттон цветной (Импорт) (арт. 33),,"137,5",120,"Количество: 10 шт
Вес: 10 кг
Объем: 0.04 м",,
Ветошь махра цветная (Импорт) (арт. 07),,233,200,"Количество: 10 шт
Вес: 10 кг
Объем: 0.04 м",,
Ветошь постель цветная (Импорт) (арт. 08),,"179,3",210,"Количество: 10 шт
Вес: 10 кг
Объем: 0.04 м",,
Ветошь трикотаж светлый (цветной) (Импорт) (арт. 04),,"155,6",710,"Количество: 10 шт
Вес: 10 кг
Объем: 0.04 м",,
Ветошь трикотаж цветной (первый сорт) (Импорт) (арт. 31),,"147,7",340,"Количество: 10 шт
Вес: 10 кг
Объем: 0.04 м",,
Ветошь белая (арт. 01),,"179,7",100,"Количество: 10 шт
Вес: 10.11 кг
Объем: 0.036 м","Состав номенклатуры: простыни белые, котон белый, трикотаж белый. Хар-ки ткани: хлопчатобумажные безворсовые (с тонким ворсом) изделия. 
Состав ткани: 1.98% хлопока, 2% содержания синтетики.  2.НЕ допускаются ткани с содержанием ЛЬНА свыше 50%(полульняное изделие на ощупь мягкое). 
Описание товара: футболки, майки,белое постельное бельё, сорочки, рубашки, скатерти, униформа, халаты,полотенца, простыни на резинках, резинки не обрезаются. 
Допустимы размеры: допускаемые размеры 40*60, допустимы размеры только постельного белья 60*60,    60*70, 60*80.",
Ветошь трикотаж светлый (арт. 04),,"125,1",20,"Количество: 10 шт
Вес: 10.11 кг
Объем: 0.036 м",,
Ветошь трикотаж цветной (арт. 32),,105,1470,"Количество: 10 шт
Вес: 10.11 кг
Объем: 0.036 м","Трикотаж цветной (Первый сорт). Тонкие, средние, толстые трикотажные ткани (65% хб + 35% синтетики включая изделия из ваф.полотна ). Цветные тона.
Толстые трикотажные изделия (толстовки, спортивные костюмы, худи,), вафельная ткань, фабричный лоскут.",
Ветошь фланель цветная (арт. 06),,"198,4",40,"Количество: 10 шт
Вес: 10.11 кг
Объем: 0.036 м","Состав номенклатуры: фланель цветная. Хар-ки ткани: хлопчатобумажные изделия. Состав ткани: 95% хлопока, 5% содержания синтетики.
Описание товара: рубашки, пижамы, сорочки. Фланелевые пододеяльники, простыни, наволочки. Допустимы размеры: допускаемые размеры 40*60. ",
"Стрейч-пленка 17 микрон первичка, 1,8 кг нетто, ш. 500 мм.",,"388,6",293,"Количество: 6 шт
Вес: 12.16 кг
Объем: 0.033 м","ед. измерения – рол.
1 рол - 1.8кг нетто+/-0,05, 1,98 кг брутто ( со втулкой );
Плотность: 17 мкм (+/- 1мкм)
Ширина: 500мм (+/-1%)
Кол-во в коробке – 6 рол.
Тип – ручной.
В рулоне 230м.
500*17 мкм 1,8 кг , 1,98 брутто , 230 метров .",
"Стретч-плёнка вторичная 20мкрн., 1.8кг нетто, ш.500 мм., (ручная)",,"286,7",171,"Количество: 6 шт
Вес: 12.25 кг
Объем: 0.033 м","ед. измерения – рол
1 рол - 1.8кг нетто+/-0,05, 2кг брутто (со втулкой)
Плотность 20 мкрн
Кол-во в коробке – 6 рол.
Тип – ручной.
В рулоне 195м.",
